Occupation,Automation,Pace,Exactness,Email,Programming,ProblemSolving,Social,Originality,Manual,Deductive,AI_Resilience ,AI_Risk 
Data_Entry,46,21,97,83,19,47,41,25,25,47,0.2798364392604539,0.7201635607395461
Programmer,32,3,81,100,94,69,53,50,25,69,0.4776059347479341,0.5223940652520659
Chef,20,36,78,18,0,35,50,40,55,59,0.5632506977284446,0.4367493022715554
Singer,2,19,90,63,6,35,53,60,53,47,0.6589158848299921,0.3410841151700079
Counselor,12,0,64,91,16,69,85,60,0,75,0.6608173358718343,0.33918266412816567
